sequence	perturbation_name	target
AGAGGCCGCAGGCGTTGCAT	GATA1_674	GATA1
ACTGTATGGAGGGGATCCCA	GATA1_261	GATA1
TGCGGCACTGGCCTACTACA	GATA1_187	GATA1
GCACAAGAGGACTGCCGTAC	GFI1B_413	GFI1B
ATGCACTTCGAGCCCGTGAG	GFI1B_526	GFI1B
GGTTTGGGAATAGAGTGCTA	GFI1B_140	GFI1B
GAAGATACGCCGCACAACTT	TAL1_556	TAL1
TATGAGATGGAGATTACTGA	TAL1_536	TAL1
GAGACCTTCCCCCTATGAGA	TAL1_523	TAL1
AGAAATACGGTCCGAAACGT	MYB_339	MYB
GAAATCGCAAAGCTACTGCC	MYB_518	MYB
ATGATTAGTTACCTCTTCCC	MYB_136	MYB
CGGCGCCTCTACTACAAACT	LMO2_428	LMO2
TGAAGGCCATCGACCAGTAC	LMO2_351	LMO2
TCTGCCGGAGAGACTATCTC	LMO2_459	LMO2
AGTGCAGAATATGCCCCGCA	BCL11A_476	BCL11A
TGTCTGCAATATGAATCCCA	BCL11A_686	BCL11A
TCAGTATCGAGAGAGGCTTC	BCL11A_752	BCL11A
ACCCGGCGCCTCAGTACCAA	KLF1_636	KLF1
GAGACTCTGGGCGCATATGC	KLF1_347	KLF1
TTGGGTTCGGAGGATCACTC	KLF1_395	KLF1
TCGAGTATCACACAGAGCTA	LDB1_732	LDB1
GGAGTGTGACAATCTCTGGT	LDB1_265	LDB1
AGGTATGTAGGCGGATACAT	LDB1_141	LDB1
GTGAGTAGGGGTACTCCACT	NFE2_533	NFE2
AGGGAGTCGGGATGAACGTC	NFE2_682	NFE2
ATGTTGCCATAGGAGTATGG	NFE2_288	NFE2
GGGGCCACTAGGGACAGGAT	AAVS1_1	NT
ACACTTGCTAGTATGCCGTG	AAVS1_2	NT
AAGTGGTTCATAAACCCACG	AAVS1_3	NT
ACGGAGGCTAAGCGTCGCAA	NT_1	NT
CGCTTCCGCGGCCCGTTCAA	NT_2	NT
ATCGTTTCCGCTTAACGGCG	NT_3	NT
TGTGGTCGCAGCACGAACGG	SOX12_162	SOX12
GGAGAAGATCCCGTTCGTGC	SOX12_268	SOX12
CAAGCACATGGCGGATTACC	SOX12_310	SOX12
GGCGACCACTCACATATGAA	PRDM16_1182	PRDM16
AAAGGAGACAGACTTCGGAT	PRDM16_379	PRDM16
ATGTAGACAGGGGCCTCGTA	PRDM16_204	PRDM16
GTATTGGTAGGACTGATCGT	RUNX1_844	RUNX1
TGCTCCCCACAATAGGACAT	RUNX1_615	RUNX1
GCTCCGTGCTGCCTACGCAC	RUNX1_312	RUNX1
GGTCCGAATATGCATCTTCA	SNAI2_523	SNAI2
GATACGGGGAAATAATCACT	SNAI2_80	SNAI2
CGGTAGTCCACACAGTGATG	SNAI2_167	SNAI2
TATTCCTTAGAAGTTCCACC	FOSL1_106	FOSL1
AAGGCGCGAGCGGAACAAGC	FOSL1_346	FOSL1
GGAACTGACCGACTTCCTGC	FOSL1_397	FOSL1
AGGCCCCGTACTCACCGCTA	SPI1_140	SPI1
TGGTATAGATCCGTGTCATA	SPI1_69	SPI1
GCACGTCCTCGATACCCCCA	SPI1_295	SPI1
GTTCATGGCACAGCGAAAGT	IRF1_241	IRF1
TCTAGGCCGATACAAAGCAG	IRF1_199	IRF1
CTGTGTGAATGGCCCAGCTC	IRF1_170	IRF1
ATACAGCTAAGACCATGTTC	IRF9_111	IRF9
GGATGTTGCTGAGCCCTACA	IRF9_325	IRF9
GTATCATCCCAGCACACTCC	IRF9_81	IRF9
TAATAAGCAGCCCCCCCAGA	ATF4_406	ATF4
AGATGACCTTCTGACCACGT	ATF4_343	ATF4
AGTGAAGTGGATATCACTGA	ATF4_566	ATF4
CAGCCGCCGGCACATAGGAG	GATA2_752	GATA2
GAGCGGGGTTGGCATAGTAG	GATA2_176	GATA2
TCCTGACCCTAGCACCACGG	GATA2_562	GATA2
